run,host,engine,warehouses,terminals,workers,elapsed_s,profile,attempted,committed,rolled_back,retried,failed,tps,mean_ms,p50_ms,p95_ms,p99_ms,max_ms,wait_ms,service_ms
run1,8cc4b5463c1f,granary,1,4,1,5.099,new_order,134,134,1,0,0,26.2790,65.618,37.825,186.194,446.968,487.772,50.399,15.219
run1,8cc4b5463c1f,granary,1,4,1,5.099,payment,112,112,0,0,0,21.9646,59.748,31.868,199.494,476.137,476.213,55.455,4.293
run1,8cc4b5463c1f,granary,1,4,1,5.099,order_status,10,10,0,0,0,1.9611,61.034,28.542,199.826,199.826,199.826,58.631,2.402
run1,8cc4b5463c1f,granary,1,4,1,5.099,delivery,12,12,0,0,0,2.3533,227.955,185.293,480.186,480.186,480.186,37.789,190.166
run1,8cc4b5463c1f,granary,1,4,1,5.099,stock_level,14,14,0,0,0,2.7456,103.873,51.745,465.502,465.502,465.502,84.426,19.446
run1,8cc4b5463c1f,sqlite,1,4,1,5.000,new_order,4136,4136,43,0,0,827.1357,0.786,0.718,1.288,2.534,56.401,0.000,0.785
run1,8cc4b5463c1f,sqlite,1,4,1,5.000,payment,4051,4051,0,0,0,810.1370,0.151,0.131,0.227,0.284,3.202,0.000,0.151
run1,8cc4b5463c1f,sqlite,1,4,1,5.000,order_status,379,379,0,0,0,75.7941,0.535,0.509,1.058,1.433,1.925,0.000,0.535
run1,8cc4b5463c1f,sqlite,1,4,1,5.000,delivery,366,366,0,0,0,73.1943,1.662,1.479,3.053,3.605,4.271,0.000,1.662
run1,8cc4b5463c1f,sqlite,1,4,1,5.000,stock_level,371,371,0,0,0,74.1942,0.795,0.768,1.120,1.240,1.363,0.000,0.795
run2,83fda512b660,granary,1,4,1,5.138,new_order,135,135,1,0,0,26.2752,64.957,36.122,203.903,488.460,490.056,50.101,14.856
run2,83fda512b660,granary,1,4,1,5.138,payment,113,113,0,0,0,21.9933,61.246,28.762,222.608,354.424,813.139,56.166,5.080
run2,83fda512b660,granary,1,4,1,5.138,order_status,10,10,0,0,0,1.9463,50.860,26.583,158.066,158.066,158.066,48.819,2.041
run2,83fda512b660,granary,1,4,1,5.138,delivery,12,12,0,0,0,2.3356,203.679,188.119,398.879,398.879,398.879,41.587,162.092
run2,83fda512b660,granary,1,4,1,5.138,stock_level,14,14,0,0,0,2.7248,130.394,51.083,821.135,821.135,821.135,88.102,42.292
run2,83fda512b660,sqlite,1,4,1,5.000,new_order,3923,3923,41,0,0,784.5542,0.825,0.743,1.253,2.609,91.166,0.000,0.825
run2,83fda512b660,sqlite,1,4,1,5.000,payment,3861,3861,0,0,0,772.1549,0.163,0.136,0.224,0.319,14.905,0.000,0.163
run2,83fda512b660,sqlite,1,4,1,5.000,order_status,354,354,0,0,0,70.7959,0.537,0.516,1.082,1.452,1.789,0.000,0.537
run2,83fda512b660,sqlite,1,4,1,5.000,delivery,342,342,0,0,0,68.3960,1.755,1.550,3.432,3.888,4.853,0.000,1.755
run2,83fda512b660,sqlite,1,4,1,5.000,stock_level,355,355,0,0,0,70.9959,0.847,0.835,1.146,1.309,1.355,0.000,0.847
run3,5245867de5b1,granary,1,4,1,5.447,new_order,134,134,1,0,0,24.6006,71.700,41.974,227.407,496.407,501.599,54.734,16.966
run3,5245867de5b1,granary,1,4,1,5.447,payment,112,112,0,0,0,20.5617,60.813,33.403,213.894,330.523,501.638,56.466,4.347
run3,5245867de5b1,granary,1,4,1,5.447,order_status,10,10,0,0,0,1.8359,65.570,31.742,202.943,202.943,202.943,62.868,2.702
run3,5245867de5b1,granary,1,4,1,5.447,delivery,12,12,0,0,0,2.2030,234.628,210.309,346.610,346.610,346.610,44.026,190.602
run3,5245867de5b1,granary,1,4,1,5.447,stock_level,14,14,0,0,0,2.5702,127.210,58.635,511.998,511.998,511.998,100.663,26.547
run3,5245867de5b1,sqlite,1,4,1,5.001,new_order,2821,2821,27,0,0,564.0811,1.125,1.018,1.819,3.704,33.571,0.000,1.124
run3,5245867de5b1,sqlite,1,4,1,5.001,payment,2779,2779,0,0,0,555.6829,0.233,0.193,0.308,0.741,19.378,0.000,0.233
run3,5245867de5b1,sqlite,1,4,1,5.001,order_status,241,241,0,0,0,48.1898,0.764,0.716,1.484,1.669,4.044,0.000,0.763
run3,5245867de5b1,sqlite,1,4,1,5.001,delivery,269,269,0,0,0,53.7887,2.369,2.120,4.653,5.856,12.234,0.000,2.369
run3,5245867de5b1,sqlite,1,4,1,5.001,stock_level,264,264,0,0,0,52.7889,1.186,1.136,1.695,2.716,3.632,0.000,1.186
