host,engine,warehouses,terminals,workers,elapsed_s,profile,attempted,committed,rolled_back,retried,failed,tps,mean_ms,p50_ms,p95_ms,p99_ms,max_ms,wait_ms,service_ms
e249e2127359,granary,1,1,1,10.031,new_order,303,303,3,0,0,30.2071,17.620,10.260,45.592,62.685,493.831,0.000,17.620
e249e2127359,granary,1,1,1,10.031,payment,307,307,0,0,0,30.6059,5.444,2.662,33.202,40.947,47.206,0.000,5.444
e249e2127359,granary,1,1,1,10.031,order_status,28,28,0,0,0,2.7914,6.810,2.006,33.991,48.710,48.710,0.000,6.810
e249e2127359,granary,1,1,1,10.031,delivery,32,32,0,0,0,3.1902,69.230,66.598,96.501,114.483,114.483,0.000,69.230
e249e2127359,granary,1,1,1,10.031,stock_level,31,31,0,0,0,3.0905,19.624,17.428,47.096,49.248,49.248,0.000,19.624
8e7ad66bc1c0,granary,1,2,2,10.038,new_order,299,299,3,0,0,29.7858,30.759,18.111,69.065,495.186,606.975,0.000,30.759
8e7ad66bc1c0,granary,1,2,2,10.038,payment,292,292,0,0,0,29.0884,22.288,12.298,66.679,109.709,442.748,0.000,22.288
8e7ad66bc1c0,granary,1,2,2,10.038,order_status,28,28,0,0,0,2.7893,29.397,9.262,50.986,453.697,453.697,0.000,29.397
8e7ad66bc1c0,granary,1,2,2,10.038,delivery,32,32,0,0,0,3.1878,78.364,72.883,112.848,126.765,126.765,0.000,78.364
8e7ad66bc1c0,granary,1,2,2,10.038,stock_level,27,27,0,0,0,2.6897,36.735,25.657,92.731,104.440,104.440,0.000,36.735
e4b09f87e08b,granary,1,4,4,10.030,new_order,334,334,4,0,0,33.2985,56.286,35.873,124.731,478.227,590.682,0.000,56.286
e4b09f87e08b,granary,1,4,4,10.030,payment,321,321,0,0,0,32.0024,49.149,29.736,121.994,468.219,508.981,0.000,49.149
e4b09f87e08b,granary,1,4,4,10.030,order_status,28,28,0,0,0,2.7915,36.902,24.492,84.093,84.144,84.144,0.000,36.902
e4b09f87e08b,granary,1,4,4,10.030,delivery,27,27,0,0,0,2.6918,109.388,87.836,157.434,508.829,508.829,0.000,109.388
e4b09f87e08b,granary,1,4,4,10.030,stock_level,27,27,0,0,0,2.6918,55.026,50.488,94.780,121.585,121.585,0.000,55.026
54c41e546e78,granary,1,8,8,10.111,new_order,285,285,6,0,0,28.1866,144.571,106.259,529.701,641.951,742.284,0.000,144.571
54c41e546e78,granary,1,8,8,10.111,payment,247,247,0,0,0,24.4284,116.016,87.543,485.267,547.656,564.279,0.000,116.016
54c41e546e78,granary,1,8,8,10.111,order_status,20,20,0,0,0,1.9780,85.435,83.784,157.168,181.281,181.281,0.000,85.435
54c41e546e78,granary,1,8,8,10.111,delivery,28,28,0,0,0,2.7692,176.196,147.309,530.153,596.885,596.885,0.000,176.196
54c41e546e78,granary,1,8,8,10.111,stock_level,26,26,0,0,0,2.5714,162.063,100.112,539.203,571.642,571.642,0.000,162.063
a489ce397a2a,granary,1,16,16,10.143,new_order,281,281,5,0,0,27.7029,301.156,241.195,709.229,827.781,1279.509,0.000,301.156
a489ce397a2a,granary,1,16,16,10.143,payment,223,223,0,0,0,21.9849,251.909,217.414,526.537,780.320,784.851,0.000,251.909
a489ce397a2a,granary,1,16,16,10.143,order_status,22,22,0,0,0,2.1689,243.706,232.103,422.816,484.657,484.657,0.000,243.706
a489ce397a2a,granary,1,16,16,10.143,delivery,27,27,0,0,0,2.6618,304.619,281.253,458.826,690.811,690.811,0.000,304.618
a489ce397a2a,granary,1,16,16,10.143,stock_level,25,25,0,0,0,2.4647,272.048,230.103,582.342,592.337,592.337,0.000,272.047
